{
	"partitions" : [
		{
			"name" : "Top",
			"pins" : [
				{
					"name" : "Unlock",
					"strict" : false
				},
				{
					"name" : "Lock",
					"strict" : false
				},
				{
					"name" : "in_0",
					"strict" : false
				},
				{
					"name" : "code_0",
					"strict" : false
				},
				{
					"name" : "in_1",
					"strict" : false
				},
				{
					"name" : "code_1",
					"strict" : false
				},
				{
					"name" : "in_2",
					"strict" : false
				},
				{
					"name" : "code_2",
					"strict" : false
				},
				{
					"name" : "in_3",
					"strict" : false
				},
				{
					"name" : "code_3",
					"strict" : false
				},
				{
					"name" : "in_4",
					"strict" : false
				},
				{
					"name" : "code_4",
					"strict" : false
				},
				{
					"name" : "in_5",
					"strict" : false
				},
				{
					"name" : "code_5",
					"strict" : false
				},
				{
					"name" : "in_6",
					"strict" : false
				},
				{
					"name" : "code_6",
					"strict" : false
				},
				{
					"name" : "in_7",
					"strict" : false
				},
				{
					"name" : "code_7",
					"strict" : false
				}
			]
		}
	]
}