{
	"partitions" : [
		{
			"name" : "Top",
			"pins" : [
				{
					"name" : "A",
					"strict" : false
				},
				{
					"name" : "B",
					"strict" : false
				},
				{
					"name" : "C",
					"strict" : false
				},
				{
					"name" : "D",
					"strict" : false
				},
				{
					"name" : "E",
					"strict" : false
				},
				{
					"name" : "F",
					"strict" : false
				},
				{
					"name" : "G",
					"strict" : false
				},
				{
					"name" : "x1",
					"strict" : false
				},
				{
					"name" : "x2",
					"strict" : false
				},
				{
					"name" : "x3",
					"strict" : false
				},
				{
					"name" : "x4",
					"strict" : false
				}
			]
		}
	]
}