{
	"partitions" : [
		{
			"name" : "Top",
			"pins" : [
				{
					"name" : "h70",
					"strict" : false
				},
				{
					"name" : "h71",
					"strict" : false
				},
				{
					"name" : "h72",
					"strict" : false
				},
				{
					"name" : "h73",
					"strict" : false
				},
				{
					"name" : "h74",
					"strict" : false
				},
				{
					"name" : "h75",
					"strict" : false
				},
				{
					"name" : "h76",
					"strict" : false
				},
				{
					"name" : "h60",
					"strict" : false
				},
				{
					"name" : "h61",
					"strict" : false
				},
				{
					"name" : "h62",
					"strict" : false
				},
				{
					"name" : "h63",
					"strict" : false
				},
				{
					"name" : "h64",
					"strict" : false
				},
				{
					"name" : "h65",
					"strict" : false
				},
				{
					"name" : "h66",
					"strict" : false
				},
				{
					"name" : "h50",
					"strict" : false
				},
				{
					"name" : "h51",
					"strict" : false
				},
				{
					"name" : "h52",
					"strict" : false
				},
				{
					"name" : "h53",
					"strict" : false
				},
				{
					"name" : "h54",
					"strict" : false
				},
				{
					"name" : "h55",
					"strict" : false
				},
				{
					"name" : "h56",
					"strict" : false
				},
				{
					"name" : "h40",
					"strict" : false
				},
				{
					"name" : "h41",
					"strict" : false
				},
				{
					"name" : "h42",
					"strict" : false
				},
				{
					"name" : "h43",
					"strict" : false
				},
				{
					"name" : "h44",
					"strict" : false
				},
				{
					"name" : "h45",
					"strict" : false
				},
				{
					"name" : "h46",
					"strict" : false
				},
				{
					"name" : "h70i",
					"strict" : false
				},
				{
					"name" : "h71i",
					"strict" : false
				},
				{
					"name" : "h72i",
					"strict" : false
				},
				{
					"name" : "h73i",
					"strict" : false
				},
				{
					"name" : "h60i",
					"strict" : false
				},
				{
					"name" : "h61i",
					"strict" : false
				},
				{
					"name" : "h62i",
					"strict" : false
				},
				{
					"name" : "h63i",
					"strict" : false
				},
				{
					"name" : "h50i",
					"strict" : false
				},
				{
					"name" : "h51i",
					"strict" : false
				},
				{
					"name" : "h52i",
					"strict" : false
				},
				{
					"name" : "h53i",
					"strict" : false
				},
				{
					"name" : "h40i",
					"strict" : false
				},
				{
					"name" : "h41i",
					"strict" : false
				},
				{
					"name" : "h42i",
					"strict" : false
				},
				{
					"name" : "h43i",
					"strict" : false
				}
			]
		}
	]
}