{
	"partitions" : [
		{
			"name" : "Top",
			"pins" : [
				{
					"name" : "a",
					"strict" : false
				},
				{
					"name" : "c",
					"strict" : false
				},
				{
					"name" : "d",
					"strict" : false
				},
				{
					"name" : "e",
					"strict" : false
				},
				{
					"name" : "f",
					"strict" : false
				},
				{
					"name" : "g",
					"strict" : false
				},
				{
					"name" : "a4",
					"strict" : false
				},
				{
					"name" : "c6",
					"strict" : false
				},
				{
					"name" : "d7",
					"strict" : false
				},
				{
					"name" : "e8",
					"strict" : false
				},
				{
					"name" : "f9",
					"strict" : false
				},
				{
					"name" : "g10",
					"strict" : false
				},
				{
					"name" : "a11",
					"strict" : false
				},
				{
					"name" : "c13",
					"strict" : false
				},
				{
					"name" : "d14",
					"strict" : false
				},
				{
					"name" : "e15",
					"strict" : false
				},
				{
					"name" : "f16",
					"strict" : false
				},
				{
					"name" : "g17",
					"strict" : false
				},
				{
					"name" : "a18",
					"strict" : false
				},
				{
					"name" : "c20",
					"strict" : false
				},
				{
					"name" : "d21",
					"strict" : false
				},
				{
					"name" : "e22",
					"strict" : false
				},
				{
					"name" : "f23",
					"strict" : false
				},
				{
					"name" : "g24",
					"strict" : false
				},
				{
					"name" : "B3",
					"strict" : false
				},
				{
					"name" : "B2",
					"strict" : false
				},
				{
					"name" : "B4",
					"strict" : false
				},
				{
					"name" : "write",
					"strict" : false
				},
				{
					"name" : "B1",
					"strict" : false
				},
				{
					"name" : "board",
					"strict" : false
				}
			]
		}
	]
}