{
	"partitions" : [
		{
			"name" : "Top",
			"pins" : [
				{
					"name" : "a",
					"strict" : false
				},
				{
					"name" : "c",
					"strict" : false
				},
				{
					"name" : "d",
					"strict" : false
				},
				{
					"name" : "e",
					"strict" : false
				},
				{
					"name" : "f",
					"strict" : false
				},
				{
					"name" : "g",
					"strict" : false
				},
				{
					"name" : "a31",
					"strict" : false
				},
				{
					"name" : "c33",
					"strict" : false
				},
				{
					"name" : "d34",
					"strict" : false
				},
				{
					"name" : "e35",
					"strict" : false
				},
				{
					"name" : "f36",
					"strict" : false
				},
				{
					"name" : "g37",
					"strict" : false
				},
				{
					"name" : "a38",
					"strict" : false
				},
				{
					"name" : "c40",
					"strict" : false
				},
				{
					"name" : "d41",
					"strict" : false
				},
				{
					"name" : "e42",
					"strict" : false
				},
				{
					"name" : "f43",
					"strict" : false
				},
				{
					"name" : "g44",
					"strict" : false
				},
				{
					"name" : "a45",
					"strict" : false
				},
				{
					"name" : "c47",
					"strict" : false
				},
				{
					"name" : "d48",
					"strict" : false
				},
				{
					"name" : "e49",
					"strict" : false
				},
				{
					"name" : "f50",
					"strict" : false
				},
				{
					"name" : "g51",
					"strict" : false
				},
				{
					"name" : "clear",
					"strict" : false
				},
				{
					"name" : "button3",
					"strict" : false
				},
				{
					"name" : "button4",
					"strict" : false
				},
				{
					"name" : "button2",
					"strict" : false
				},
				{
					"name" : "button1",
					"strict" : false
				},
				{
					"name" : "board",
					"strict" : false
				}
			]
		}
	]
}