{
	"partitions" : [
		{
			"name" : "Top",
			"pins" : [
				{
					"name" : "f[1]",
					"strict" : false
				},
				{
					"name" : "f[0]",
					"strict" : false
				},
				{
					"name" : "i1[1]",
					"strict" : false
				},
				{
					"name" : "i0[1]",
					"strict" : false
				},
				{
					"name" : "a",
					"strict" : false
				},
				{
					"name" : "i1[0]",
					"strict" : false
				},
				{
					"name" : "i0[0]",
					"strict" : false
				}
			]
		}
	]
}