{
	"partitions" : [
		{
			"name" : "Top",
			"pins" : [
				{
					"name" : "N2X1",
					"strict" : false
				},
				{
					"name" : "N2X0",
					"strict" : false
				},
				{
					"name" : "N1X3",
					"strict" : false
				},
				{
					"name" : "N1X2",
					"strict" : false
				},
				{
					"name" : "N1X1",
					"strict" : false
				},
				{
					"name" : "N1X0",
					"strict" : false
				},
				{
					"name" : "C0",
					"strict" : false
				},
				{
					"name" : "S2",
					"strict" : false
				},
				{
					"name" : "S3",
					"strict" : false
				},
				{
					"name" : "S1",
					"strict" : false
				},
				{
					"name" : "S0",
					"strict" : false
				}
			]
		}
	]
}