{
	"partitions" : [
		{
			"name" : "Top",
			"pins" : [
				{
					"name" : "S3",
					"strict" : false
				},
				{
					"name" : "Cout",
					"strict" : false
				},
				{
					"name" : "Overflow",
					"strict" : false
				},
				{
					"name" : "S2",
					"strict" : false
				},
				{
					"name" : "S1",
					"strict" : false
				},
				{
					"name" : "S0",
					"strict" : false
				},
				{
					"name" : "X3",
					"strict" : false
				},
				{
					"name" : "Control",
					"strict" : false
				},
				{
					"name" : "Y3",
					"strict" : false
				},
				{
					"name" : "Y2",
					"strict" : false
				},
				{
					"name" : "X2",
					"strict" : false
				},
				{
					"name" : "X0",
					"strict" : false
				},
				{
					"name" : "Y0",
					"strict" : false
				},
				{
					"name" : "X1",
					"strict" : false
				},
				{
					"name" : "Y1",
					"strict" : false
				}
			]
		}
	]
}